{
    "1": 0.04500272616096249,
    "2": 0.06413868702832842,
    "3": 0.06413868702832842,
    "4": 0.06413868702832842,
    "5": 0.06413868702832842,
    "6": 0.06413868702832842,
    "8": 0.06413868702832842,
    "9": 0.06413868702832842,
    "11": 0.06413868702832842,
    "12": 0.06413868702832842,
    "13": 0.06413868702832842,
    "14": 0.06413868702832842,
    "15": 0.06413868702832842,
    "16": 0.0642053536949951,
    "17": 0.06413868702832842,
    "18": 0.06413868702832842,
    "19": 0.06413868702832842,
    "20": 0.06413868702832842,
    "21": 0.06413868702832842,
    "22": 0.06413868702832842,
    "23": 0.0642053536949951,
    "25": 0.06413868702832842,
    "26": 0.06413868702832842,
    "27": 0.06413868702832842,
    "28": 0.06413868702832842,
    "29": 0.06413868702832842,
    "31": 0.06413868702832842,
    "32": 0.06413868702832842,
    "33": 0.06413868702832842,
    "34": 0.06413868702832842,
    "35": 0.06413868702832842,
    "37": 0.06413868702832842,
    "38": 0.06413868702832842,
    "39": 0.06413868702832842,
    "40": 0.06413868702832842,
    "41": 0.02538208763661907,
    "43": 0.06413868702832842,
    "44": 0.06413868702832842,
    "45": 0.06413868702832842,
    "46": 0.06413868702832842,
    "47": 0.06413868702832842,
    "49": 0.06413868702832842,
    "50": 0.06413868702832842,
    "51": 0.06413868702832842,
    "52": 0.06413868702832842,
    "53": 0.06413868702832842,
    "6196": 0.25203664806369075,
    "55": 0.06413868702832842,
    "56": 0.06413868702832842,
    "57": 0.06413868702832842,
    "58": 0.06413868702832842,
    "59": 0.06413868702832842,
    "61": 0.06413868702832842,
    "62": 0.06413868702832842,
    "63": 0.06413868702832842,
    "64": 0.06413868702832842,
    "65": 0.06413868702832842,
    "67": 0.06413868702832842,
    "68": 0.06413868702832842,
    "69": 0.06413868702832842,
    "70": 0.06413868702832842,
    "71": 0.06413868702832842,
    "73": 0.06413868702832842,
    "74": 0.06413868702832842,
    "75": 0.06413868702832842,
    "76": 0.06413868702832842,
    "77": 0.0642053536949951,
    "6219": 0.2826164327489653,
    "79": 0.06413868702832842,
    "80": 0.06413868702832842,
    "81": 0.06413868702832842,
    "82": 0.06413868702832842,
    "83": 0.06413868702832842,
    "85": 0.06413868702832842,
    "86": 0.06413868702832842,
    "87": 0.06413868702832842,
    "88": 0.06413868702832842,
    "89": 0.06413868702832842,
    "90": 0.06413868702832842,
    "91": 0.06413868702832842,
    "93": 0.06413868702832842,
    "94": 0.0642053536949951,
    "95": 0.06413868702832842,
    "96": 0.06413868702832842,
    "97": 0.06413868702832842,
    "98": 0.06413868702832842,
    "99": 0.06413868702832842,
    "102": 0.06413868702832842,
    "103": 0.06413868702832842,
    "104": 0.06413868702832842,
    "105": 0.06413868702832842,
    "106": 0.06413868702832842,
    "107": 0.06413868702832842,
    "108": 0.06413868702832842,
    "109": 0.06413868702832842,
    "110": 0.06413868702832842,
    "111": 0.06413868702832842,
    "112": 0.06413868702832842,
    "113": 0.06413868702832842,
    "114": 0.06413868702832842,
    "115": 0.06413868702832842,
    "117": 0.06413868702832842,
    "118": 0.06413868702832842,
    "120": 0.06413868702832842,
    "121": 0.06413868702832842,
    "122": 0.06413868702832842,
    "123": 0.06413868702832842,
    "125": 0.06413868702832842,
    "126": 0.06413868702832842,
    "127": 0.06413868702832842,
    "134": 0.06413868702832842,
    "140": 0.06413868702832842,
    "162": 0.06413868702832842,
    "163": 0.06413868702832842,
    "4272": 0.17524979813943953,
    "177": 0.06413868702832842,
    "178": 0.06413868702832842,
    "179": 0.06413868702832842,
    "180": 0.06413868702832842,
    "181": 0.06413868702832842,
    "182": 0.06413868702832842,
    "183": 0.06413868702832842,
    "184": 0.06413868702832842,
    "2226": 0.11834366875914948,
    "4273": 0.17524979813943953,
    "4274": 0.17524979813943953,
    "4280": 0.14088812763884762,
    "191": 0.06413868702832842,
    "210": 0.06413868702832842,
    "211": 0.06413868702832842,
    "212": 0.06413868702832842,
    "213": 0.06413868702832842,
    "214": 0.06413868702832842,
    "215": 0.06413868702832842,
    "216": 0.06413868702832842,
    "217": 0.06413868702832842,
    "218": 0.06413868702832842,
    "219": 0.06413868702832842,
    "222": 0.0642053536949951,
    "224": 0.06413868702832842,
    "225": 0.06413868702832842,
    "226": 0.06413868702832842,
    "227": 0.06413868702832842,
    "6368": 0.276578668005049,
    "6369": 0.27639866324856266,
    "6370": 0.25257948487876636,
    "241": 0.06413868702832842,
    "243": 0.06413868702832842,
    "6409": 0.28261961741955344,
    "279": 0.06413868702832842,
    "280": 0.06413868702832842,
    "2359": 0.11296886338777822,
    "325": -0.021833322140525812,
    "339": 0.06413868702832842,
    "344": 0.06413868702832842,
    "347": 0.06413868702832842,
    "4457": 0.2073120999735095,
    "4462": 0.1659021810582828,
    "4463": 0.1659021810582828,
    "368": 0.06413868702832842,
    "372": 0.05353345056638375,
    "8587": 0.35829978538455015,
    "4499": 0.16086456889003453,
    "4501": 0.16707132048615095,
    "4507": 0.12051292842492062,
    "4508": 0.1205108053111952,
    "4510": 0.13450456478705972,
    "416": 0.06413868702832842,
    "417": 0.06413868702832842,
    "419": 0.06413868702832842,
    "425": 0.10117572406536546,
    "427": 0.10117572406536546,
    "2481": 0.12910783765467823,
    "446": 0.10117572406536546,
    "455": 0.10117572406536546,
    "463": 0.10117572406536546,
    "464": 0.10117572406536546,
    "2530": 0.11951088175494047,
    "2531": 0.13390816702769212,
    "2546": 0.1252074327856904,
    "2547": 0.13009558717646072,
    "2548": 0.1093888763636589,
    "2550": 0.1188527455247967,
    "2553": 0.13358478162324514,
    "2556": 0.12829336596934202,
    "513": 0.10117572406536546,
    "528": 0.10117572406536546,
    "4624": 0.08777189912185258,
    "561": 0.10124239073203212,
    "562": 0.10124239073203212,
    "563": 0.10117572406536546,
    "564": 0.10117572406536546,
    "565": 0.10117572406536546,
    "566": 0.10117572406536546,
    "2624": 0.13000874862403278,
    "2626": 0.06984135387233877,
    "591": 0.10117572406536546,
    "604": 0.10117572406536546,
    "605": 0.10117572406536546,
    "614": 0.10117572406536546,
    "615": 0.10117572406536546,
    "617": 0.06335245800698944,
    "618": 0.10117572406536546,
    "619": 0.10124239073203212,
    "2700": 0.12690453232671425,
    "2702": 0.1382127611024025,
    "6800": 0.3233979462875877,
    "703": 0.10117572406536546,
    "704": 0.10117572406536546,
    "705": 0.10117572406536546,
    "711": 0.10124239073203212,
    "712": 0.10117572406536546,
    "724": 0.0962483261705801,
    "725": 0.045328431359021835,
    "726": 0.09248496835743047,
    "729": 0.093046235951578,
    "730": 0.09921739978521306,
    "731": 0.09105968897477901,
    "733": 0.02050926792376594,
    "734": 0.09743337067750553,
    "735": 0.09184030178955631,
    "736": 0.0968717602900423,
    "2785": 0.12829529004115567,
    "742": 0.09321266239677596,
    "743": 0.08542446559541343,
    "4840": 0.12663772653021604,
    "745": 0.09207036936016573,
    "746": 0.09304776193956814,
    "747": 0.03781808111172033,
    "2795": 0.13377863481132268,
    "751": 0.09317658703307911,
    "752": 0.089938435711646,
    "753": 0.08539358160254605,
    "754": 0.07292624150174552,
    "2802": 0.1300902793921472,
    "4850": 0.13102628382600937,
    "2805": 0.13447040771454255,
    "758": 0.09182916854107144,
    "760": 0.02383469353180716,
    "761": 0.09284112022752167,
    "2810": 0.13008443406643364,
    "4859": 0.11672003878096428,
    "2815": 0.12026741752280608,
    "4865": 0.06042557107575819,
    "2828": 0.12600253512760282,
    "4876": 0.11083055731071156,
    "4892": 0.1753164648061062,
    "4893": 0.11465130081440937,
    "2848": 0.03245410315377212,
    "4902": 0.12953816867421455,
    "809": 0.09964217983258601,